Kunta,index,00:00:00,01:00:00,02:00:00,03:00:00,04:00:00,05:00:00,06:00:00,07:00:00,08:00:00,09:00:00,10:00:00,11:00:00,12:00:00,13:00:00,14:00:00,15:00:00,16:00:00,17:00:00,18:00:00,19:00:00,20:00:00,21:00:00,22:00:00,23:00:00,x,y,Nimi2,Nr
Espoo,Espoon portti (Eco-Counter),17.61572052401747,14.209606986899564,9.262008733624453,10.799126637554584,5.943231441048035,23.222707423580786,57.02183406113537,83.28384279475982,112.81659388646288,70.71615720524018,64.41484716157206,89.96069868995633,94.9650655021834,101.3406113537118,124.01310043668123,139.8471615720524,139.14847161572052,117.03056768558952,117.44541484716157,93.34497816593887,72.92576419213974,65.09606986899563,54.06113537117904,46.43668122270742,6677005.0,25481128.0,Espoon portti (eco-counter),0
Espoo,Espoonlahdenraitti (Eco-Counter),0.9563492063492064,0.47619047619047616,0.5317460317460317,0.3492063492063492,0.6111111111111112,3.373015873015873,8.777777777777779,24.42063492063492,65.91269841269842,53.40873015873016,46.82539682539682,69.14285714285714,51.476190476190474,62.51190476190476,85.35317460317461,59.035714285714285,58.43650793650794,52.726190476190474,49.901185770750985,41.36363636363637,29.383399209486164,12.213438735177865,6.881422924901186,2.039525691699605,6670508.0,25481015.0,Espoonlahdenraitti (Eco-counter),1
Espoo,Gallen-Kallela (Eco-Counter),1.2719298245614035,0.8333333333333334,0.3026315789473684,0.5087719298245614,0.7324561403508771,5.241228070175438,44.74561403508772,104.52631578947368,93.1140350877193,34.28508771929825,19.19298245614035,21.280701754385966,22.714912280701753,23.662280701754387,30.27947598253275,72.7467248908297,110.33187772925764,89.76855895196506,56.59825327510917,37.672489082969435,28.88646288209607,17.27947598253275,7.554585152838428,3.3056768558951966,6676933.0,25491239.0,Gallen-Kallela (Eco-counter),2
Espoo,Gallen-Kallelan tie (DSL10),1.4574468085106382,0.7872340425531915,0.776595744680851,0.2872340425531915,0.8297872340425532,4.0,23.648936170212767,62.5531914893617,56.02127659574468,25.419354838709676,14.90625,18.8,20.38235294117647,23.980582524271846,30.95145631067961,62.320388349514566,89.42718446601941,71.51456310679612,49.89320388349515,38.310679611650485,30.21359223300971,18.310679611650485,8.549019607843137,3.8529411764705883,6676982.0,25491205.0,Gallen-Kallelan tie,3
Espoo,Haukilahti (Viacount),0.8,0.8,0.0,0.0,0.0,0.2,3.4,3.6,4.4,7.4,11.8,12.6,14.0,11.2,9.6,9.6,15.8,17.0,27.0,27.2,32.2,23.8,18.8,11.2,6671287.0,25487507.0,Haukilahti,4
Espoo,Kalevalantien alikulku (DSL10),6.786127167630058,7.530769230769231,4.799614643545279,5.134357005758157,3.892514395393474,3.7326923076923078,11.203846153846154,34.78269230769231,53.128846153846155,26.798076923076923,20.74373795761079,24.363636363636363,25.03875968992248,28.77777777777778,34.12109375,40.716796875,54.025440313111545,48.58317025440313,39.27504911591355,29.949019607843137,19.463654223968565,10.358823529411765,6.625984251968504,8.502958579881657,6674496.0,25488788.0,Kalevalantien alikulku,5
Espoo,"Keha I, Laajalahti (DSL10)",5.954802259887006,6.5913370998116765,2.9322033898305087,2.340866290018832,3.2937853107344632,10.48964218455744,37.772128060263654,90.48867924528302,97.09622641509434,47.347744360902254,25.374531835205993,23.672932330827066,21.71669793621013,24.48587570621469,32.21320754716981,61.16981132075472,95.05849056603773,82.79056603773584,55.54820415879017,37.63327032136106,28.389413988657846,22.8842504743833,13.075757575757576,9.888045540796965,6675867.0,25489239.0,"Kehä I, Laajalahti",6
Espoo,"Keha I, Laajalahti (Eco-counter)",1.6491228070175439,0.9122807017543859,0.6798245614035088,0.3026315789473684,1.8114035087719298,5.2105263157894735,27.109649122807017,85.98684210526316,108.4780701754386,48.666666666666664,21.842105263157894,19.236842105263158,20.25,22.850877192982455,31.035087719298247,60.01315789473684,99.24122807017544,84.14035087719299,52.082969432314414,33.620087336244545,23.75109170305677,14.799126637554584,7.890829694323144,4.209606986899563,6675822.0,25489228.0,"Kehä I, Laajalahti (Eco-counter)",7
Espoo,"Keilaniemi, Keilaterassi (Viacount)",0.0,0.0,0.0,0.0,0.2,0.0,1.6,2.4,4.6,4.0,2.8,6.2,6.2,4.2,3.0,3.8,4.0,6.8,5.4,6.8,6.6,2.4,1.8,0.0,6673117.0,25490525.0,"Keilaniemi, Keilaterassi",8
Espoo,"Keskuspuisto, Grimangen (Viacount 2)",0.8,0.0,0.2,0.0,0.0,0.6,2.2,1.2,4.0,1.6,4.6,6.0,4.6,5.4,9.4,6.2,6.2,13.2,10.4,10.4,9.0,5.8,1.2,1.0,6675139.0,25482600.0,"Keskuspuisto, Grimängen",9
Espoo,"Keskuspuisto, Mossenkar (Viacount 2)",0.8,0.2,0.2,0.2,1.0,1.0,11.8,18.2,13.0,5.8,7.4,6.6,10.8,9.6,15.6,21.6,27.0,24.0,15.4,11.4,11.4,7.2,3.6,1.8,6675346.0,25482598.0,"Keskuspuisto, Mössenkär",10
Espoo,"Keskuspuisto, etelahaara, ita (Viacount 2)",0.0,0.2,0.2,0.2,1.0,0.8,9.0,19.8,12.6,3.6,7.6,7.6,6.4,5.4,12.0,17.8,25.4,17.6,15.6,14.8,14.0,8.2,3.2,1.4,6674356.0,25483281.0,"Keskuspuisto, etelähaara",11
Espoo,"Keskuspuisto, etelahaara, lansi (Viacount 2)",1.0,0.0,0.2,0.0,0.4,1.2,6.8,9.6,6.8,2.8,5.6,7.6,6.0,7.4,11.6,16.2,18.6,12.8,15.6,12.4,13.2,6.8,1.6,0.6,6674246.0,25483392.0,"Keskuspuisto, etelähaara, itä",12
Espoo,Kiltapolku (Viacount 2),0.0,0.0,0.0,0.0,0.0,0.25,0.5,0.5,2.25,1.0,0.5,1.0,0.5,1.0,2.0,1.5,2.75,1.5,1.25,1.5,0.5,0.0,0.75,0.0,6674139.0,25483318.0,"Keskuspuisto, etelähaara, länsi",13
Espoo,"Kiltaraitti, etela (Viacount 2)",0.25,0.0,0.0,0.5,0.5,0.0,0.75,3.25,3.5,2.5,3.5,3.5,4.0,4.5,5.5,6.5,3.75,1.75,2.25,4.5,2.0,0.75,0.75,0.5,6676648.0,25481080.0,Kiltapolku,14
Espoo,"Kiltaraitti, pohjoinen (Viacount 2)",0.4,0.4,0.2,1.0,0.6,1.4,1.6,3.4,9.8,3.6,1.6,3.6,2.6,3.0,3.8,8.6,9.0,4.2,6.2,4.4,3.0,2.0,1.8,0.4,6676640.0,25481048.0,"Kiltaraitti, etelä",15
Espoo,Kirkkojarventie (DSL10),9.922594142259415,9.393305439330543,6.134736842105263,6.603340292275574,7.336116910229645,7.690376569037657,14.089958158995817,27.05857740585774,28.539748953974897,20.7625,18.835416666666667,20.280334728033473,17.788702928870293,19.53125,21.543157894736844,29.237894736842104,31.997894736842106,28.806315789473683,23.04421052631579,17.96,14.83157894736842,13.875789473684211,9.307203389830509,9.396186440677965,6676731.0,25481014.0,"Kiltaraitti, pohjoinen",16
Espoo,Kivenlahden uimaranta (Viacount),0.0,0.2,0.2,0.0,0.0,0.0,3.6,2.6,4.4,5.4,7.0,5.8,4.0,6.2,6.0,7.2,8.2,9.8,12.4,18.0,8.4,7.0,3.2,0.4,6677166.0,25481274.0,Kirkkojärventie,17
Espoo,Kivenlahti (Viacount),0.0,0.0,0.0,0.0,0.0,0.4,0.4,0.0,1.4,1.6,2.8,2.2,1.6,3.2,2.0,1.8,3.0,3.8,4.2,7.0,4.4,3.2,1.0,0.2,6670997.0,25479610.0,Kivenlahden uimaranta,18
Espoo,Lansivayla (Eco-counter),3.026315789473684,1.3728070175438596,0.7192982456140351,0.6929824561403509,1.3991228070175439,5.62719298245614,35.38157894736842,111.07456140350877,152.87280701754386,65.0174672489083,31.209606986899562,29.58515283842795,31.406113537117903,31.685589519650655,40.76419213973799,74.97816593886463,137.80786026200875,134.35807860262008,85.64192139737992,54.161572052401745,38.94759825327511,23.554585152838428,11.283842794759826,5.4847161572052405,6671256.0,25479244.0,Kivenlahti,19
Espoo,"Lansivayla, Karhusaari (DSL10)",34.0859375,34.437869822485204,22.822134387351777,21.13840155945419,17.85546875,20.24903474903475,56.12307692307692,136.46153846153845,157.131021194605,72.3423076923077,34.89807692307692,33.047984644913626,33.50769230769231,36.85356454720617,47.7007722007722,88.32818532818533,156.77992277992277,149.93629343629343,102.14478764478764,71.74903474903475,57.527027027027025,43.847195357833655,29.489278752436647,33.36842105263158,6676933.0,25491239.0,Länsiväylä (Eco-counter),20
Espoo,Martinsillantie (DSL10),13.581896551724139,15.206451612903226,10.03470715835141,9.935064935064934,8.684665226781858,8.561555075593953,23.113733905579398,44.58583690987125,31.51716738197425,15.171306209850107,15.0491452991453,20.482905982905983,20.624733475479744,23.412903225806453,26.068817204301077,35.946236559139784,47.4051724137931,44.564655172413794,36.85344827586207,27.33189655172414,22.676724137931036,16.762931034482758,13.401301518438178,14.161220043572985,6672835.0,25490802.0,"Länsiväylä, Karhusaari",21
Espoo,Merituulentie (DSL10),6.1138613861386135,4.522388059701493,4.214634146341464,3.5784313725490198,4.495238095238095,9.504761904761905,37.28169014084507,63.246511627906976,57.51162790697674,28.314553990610328,21.90232558139535,25.96759259259259,28.24074074074074,30.51152073732719,37.97235023041475,58.04147465437788,80.05990783410138,69.55760368663594,51.80555555555556,38.54838709677419,32.02347417840375,19.373205741626794,11.212264150943396,9.298076923076923,6671916.0,25482907.0,Martinsillantie,22
Espoo,Olarinkatu (Eco-Counter),2.548523206751055,1.1561181434599157,0.759493670886076,0.6708860759493671,0.7890295358649789,2.413502109704641,9.51054852320675,26.10548523206751,32.93248945147679,24.341772151898734,23.244725738396625,27.52742616033755,34.22362869198312,33.53586497890296,36.09282700421941,39.345991561181435,48.35294117647059,43.09243697478992,39.357142857142854,34.13865546218487,25.705882352941178,17.222689075630253,8.579831932773109,3.6638655462184873,6673128.0,25486530.0,Merituulentie,23
Espoo,"Otaniemi, Otaranta (Viacount)",5.6,6.6,3.2,2.0,3.8,10.2,21.0,30.4,74.0,36.6,33.2,45.0,40.6,47.0,62.2,88.2,101.2,107.0,94.8,109.8,94.6,54.6,28.2,14.0,6673083.0,25485174.0,Olarinkatu (Eco-counter) ,24
Espoo,"Paivankestamonpolku, Kera (Eco-Counter)",1.3464912280701755,0.5043859649122807,0.3991228070175439,0.9824561403508771,0.9605263157894737,2.956140350877193,10.12280701754386,22.75438596491228,18.81140350877193,7.087719298245614,5.206140350877193,6.4035087719298245,6.302631578947368,6.890829694323144,9.829694323144105,16.851528384279476,23.768558951965066,19.09170305676856,12.362445414847162,8.611353711790393,5.842794759825328,4.0,1.611353711790393,0.9388646288209607,6674433.0,25490910.0,Otaniemi,25
Espoo,Pitkajarventie (DSL10),2.9243027888446216,1.762,1.095808383233533,0.6972111553784861,0.7544204322200393,5.314341846758349,17.363457760314343,26.26522593320236,16.403131115459882,10.954990215264187,11.509765625,13.984344422700588,13.226120857699804,13.97270955165692,15.869140625,23.9375,31.94313725490196,27.263779527559056,23.396825396825395,19.950396825396826,16.581349206349206,11.119284294234593,6.834661354581673,4.063618290258449,6682359.0,25487568.0,Pitkäjärventie,26
Espoo,Pohjantien ylikulku (DSL10),2.2216216216216216,0.9,0.7567567567567568,0.7675675675675676,1.7073170731707317,5.5257452574525745,30.07859078590786,55.06775067750677,63.799457994579946,43.357723577235774,39.21195652173913,48.45283018867924,49.35054347826087,52.55826558265583,56.8970189701897,75.08130081300813,90.27371273712737,79.72628726287263,62.02981029810298,49.387533875338754,34.00813008130081,16.089673913043477,7.336956521739131,4.391304347826087,6673592.0,25488943.0,Pohjantien ylikulku,27
Espoo,Pohjantien ylikulku (Eco-Counter),2.1050420168067228,0.7205882352941176,0.5630252100840336,0.44537815126050423,1.8046218487394958,4.222689075630252,22.0,48.55252100840336,65.53571428571429,42.37735849056604,34.0,42.55765199161426,44.264150943396224,49.84486373165618,58.79454926624738,69.92662473794549,84.93920335429769,74.34381551362684,59.937106918238996,48.457023060796644,32.9832285115304,18.536687631027252,7.515723270440252,3.89937106918239,6678235.0,25486566.0,"Päivänkestämönpolku, Kera (eco-counter)",28
Espoo,Pohjantien ylikulku (Viacount 2),1.4,0.2,0.2,2.2,5.8,30.0,40.2,43.0,35.0,21.6,30.4,29.6,37.4,41.4,86.8,88.2,79.8,54.4,51.6,40.8,19.8,7.4,4.0,2.8,6679003.0,25491669.0,"Rantaradanraitti, Helsingin raja",29
Espoo,"Rantaradanraitti, Helsingin raja (Viacount 2)",0.5714285714285714,0.2857142857142857,0.0,1.0714285714285714,5.214285714285714,28.642857142857142,60.642857142857146,69.42857142857143,38.357142857142854,12.214285714285714,11.928571428571429,13.357142857142858,18.357142857142858,26.642857142857142,70.14285714285714,98.35714285714286,89.57142857142857,60.07142857142857,36.714285714285715,26.928571428571427,22.571428571428573,9.428571428571429,4.571428571428571,1.7857142857142858,6668766.0,25481315.0,Soukka,30
Espoo,Soukka (Viacount),0.0,0.0,0.2,0.0,0.0,0.4,1.2,4.0,3.4,3.0,5.6,8.2,7.6,10.6,9.0,11.6,14.8,16.2,19.8,19.2,16.0,6.4,0.8,0.0,6671530.0,25484766.0,Suomenlahdentie (Eco-counter),31
Espoo,Suomenlahdentie (Eco-Counter),0.5087719298245614,0.2324561403508772,0.13157894736842105,0.14035087719298245,0.37719298245614036,2.3333333333333335,7.043859649122807,17.785087719298247,20.899122807017545,10.385964912280702,8.916666666666666,10.56140350877193,11.271929824561404,12.447368421052632,14.676855895196507,18.34061135371179,23.524017467248907,22.860262008733624,18.5764192139738,15.135371179039302,11.860262008733624,7.283842794759825,3.506550218340611,1.5720524017467248,6671545.0,25484748.0,Suomenlahdentie (pohjoinen & eteläinen),32
Espoo,"Suomenlahdentie, etelainen (viacount)",0.2,0.0,0.0,0.2,0.2,1.6,7.6,19.2,25.6,10.0,10.4,7.2,15.0,15.8,20.4,21.2,28.4,27.4,24.8,22.8,19.6,9.2,3.6,0.8,6673578.0,25488895.0,"Tapiola, Länsituulenkuja (eco-counter)",33
Espoo,"Suomenlahdentie, pohjoinen (Viacount)",0.2,0.2,0.0,0.0,0.4,0.0,2.2,4.2,5.2,1.8,3.6,2.2,3.0,3.0,2.6,2.8,5.0,6.2,4.2,2.6,3.6,1.8,0.6,0.2,6678976.0,25491608.0,"Turuntie, Rantaradanreitti (eco-counter)",34
Espoo,"Tapiola,Lansituulenkuja (Eco-Counter)",7.477970627503338,3.9826435246995993,2.548731642189586,2.193029490616622,2.9572763684913217,9.961281708945261,37.154873164218955,84.67423230974633,118.9479305740988,109.10947930574099,128.78504672897196,166.41522029372496,179.9105473965287,187.24032042723633,195.4365821094793,202.96795727636848,214.76902536715622,192.72630173564752,157.76101468624833,124.64352469959947,87.53271028037383,53.372496662216285,26.801068090787716,16.300400534045394,6688155.0,25485793.0,"Vihdintie, Kalajärven itäpuoli",35
Espoo,"Turuntie, Rantaradanreitti (Eco-Counter)",1.4385964912280702,0.6666666666666666,0.34649122807017546,0.4298245614035088,2.1491228070175437,10.710526315789474,49.45614035087719,113.89912280701755,116.58333333333333,38.838427947598255,20.05240174672489,16.344978165938866,15.925764192139738,18.013100436681224,27.541484716157207,68.70742358078603,112.74235807860262,87.39737991266375,46.956331877729255,26.2882096069869,18.017467248908297,11.091703056768559,5.4803493449781655,2.650655021834061,6682147.0,25490666.0,"Vihdintie, Uusmäki",36
Espoo,"Vihdintie, Kalajarven itapuoli (Viacount 2)",0.4,0.0,0.0,0.0,0.8,2.0,6.6,5.4,3.0,4.8,4.4,3.6,11.4,10.4,16.4,15.8,19.6,18.0,10.4,12.0,13.0,3.6,1.8,0.6,6674318.0,25485946.0,"Ylismäentie, Suurpelto (eco-counter)",37
Espoo,"Vihdintie, Uusmaki (DSL10)",5.541984732824427,3.5343511450381677,2.030534351145038,0.905852417302799,1.5435897435897437,13.266666666666667,54.13846153846154,74.73589743589744,43.732142857142854,20.158163265306122,23.709923664122137,28.883248730964468,24.90126582278481,22.97229219143577,31.502525252525253,59.372151898734174,81.50757575757575,59.957070707070706,44.06345177664975,37.29187817258883,34.746192893401016,24.83969465648855,15.35204081632653,8.85969387755102,0.0,0.0,,38
Espoo,"Ylismaentie,Suurpelto (Eco-Counter)",1.1359649122807018,0.618421052631579,0.42543859649122806,0.2675438596491228,0.7368421052631579,5.62719298245614,22.285087719298247,53.93421052631579,55.99122807017544,23.42105263157895,11.609649122807017,14.337719298245615,14.87280701754386,18.45175438596491,29.478070175438596,37.24561403508772,56.36842105263158,47.620087336244545,32.366812227074234,23.183406113537117,18.179039301310045,11.921397379912664,6.6244541484716155,3.8384279475982535,0.0,0.0,,39
Helsinki,Auroransilta,2.222,1.092,0.54,0.304,0.434,4.45,46.032,155.838,223.756,101.234,46.312,43.406,44.926,45.7,55.616,116.918,189.034,165.716,108.06,72.46,51.154,28.564870259481037,14.081836327345309,6.2395209580838324,25495829.19,6675381.99,Auroransilta,40
Helsinki,Baana,9.51046590141796,4.831195138419987,2.5185685347738014,1.6185010128291695,4.054017555705604,19.172180958811612,89.93787981093855,229.0135043889264,359.6191762322755,216.95408507765023,100.56110735989196,94.34233625928427,100.12559081701554,101.03646185010129,124.2795408507765,218.49088453747467,333.4442943956786,294.5887913571911,204.46252532072924,142.00540175557057,111.82714382174207,78.54422687373396,40.918973666441595,20.975692099932477,25496018.01,6672998.46,Baana,41
Helsinki,Etelaesplanadi,6.9110198494182065,3.066347469220246,1.551983584131327,0.9187713310580204,1.1085324232081912,6.08781484002723,24.82641252552757,70.99248633879782,148.93643198906358,104.160848733744,61.84109589041096,65.28082191780823,69.59726027397261,69.98629198080877,77.20424948594928,110.69383561643835,158.0150684931507,141.2541095890411,100.87739726027397,72.3582191780822,53.71917808219178,37.76575342465753,23.073237508555785,14.956967213114755,25496931.67,6672704.02,Eteläesplanadi,42
Helsinki,Heperia park/Ooppera,10.639004149377593,4.921161825726141,2.995159059474412,1.8215767634854771,2.412863070539419,9.833333333333334,58.59059474412172,170.201244813278,326.4820193637621,212.6597510373444,106.08298755186722,94.88450899031812,105.27109266943292,105.99654218533887,118.57883817427386,194.21161825726142,311.8222683264177,302.26970954356847,221.60373443983403,158.02973720608574,123.47717842323651,86.84785615491009,46.540802213001385,25.58091286307054,25496176.34,6674240.12,Heperian puisto (Ooppera),43
Helsinki,Huopalahti (station),3.0910683012259192,1.7034120734908136,1.3692038495188101,1.1609798775153106,5.830271216097988,19.809273840769904,88.80227471566054,204.0883639545057,198.22834645669292,72.49956255468067,31.77952755905512,31.549431321084864,32.85389326334208,37.07086614173228,60.06211723534558,135.22134733158356,206.49606299212599,154.82852143482066,91.34470691163605,56.354330708661415,43.353455818022745,28.83639545056868,16.907261592300962,7.043744531933508,25494615.55,6678081.68,Huopalahti (asema),44
Helsinki,Kaisaniemi/Elaintarhanlahti,5.207967589466577,2.5449020931802835,1.3916272788656314,1.2478055367994598,1.6468602295746118,5.75827143821742,33.87373396353815,105.11343686698177,179.08237677245106,108.97569209993247,54.935854152599596,49.540175557056045,52.48345712356516,53.85887913571911,65.48075624577987,116.84132343011478,175.17960837272113,146.18973666441593,99.66171505739365,69.93855503038488,53.284267386900744,35.14247130317353,19.667116812964213,11.49223497636732,25496697.9,6673928.16,Kaisaniemi,45
Helsinki,Kaivokatu,14.756,7.45,4.542,2.774,3.906,11.45,51.716,138.788,276.042,200.644,120.4,130.248,142.48,139.238,155.928,227.726,329.118,303.486,218.536,154.144,121.818,79.546,46.98,30.097804391217565,25496772.5,6673076.97,Kaivokatu,46
Helsinki,"Kapyla, Pohjoisbaana",3.0,1.2667910447761195,0.746268656716418,0.6417910447761194,2.0391061452513966,15.416044776119403,73.12476722532588,146.0167597765363,146.6852886405959,53.940409683426445,26.96461824953445,25.860335195530727,28.100558659217878,29.895716945996277,43.01119402985075,95.04291044776119,147.7070895522388,113.75746268656717,68.56902985074628,45.37686567164179,35.117757009345794,23.53358208955224,12.222014925373134,6.264925373134329,25499610.15,6674731.18,Kulosaaren silta et. sisältää myös pohjoispuolen,47
Helsinki,Kulosaaren silta po. ,7.921190893169878,4.3569553805774275,2.748031496062992,2.694663167104112,6.228346456692913,19.517935258092738,93.18722659667542,191.5695538057743,219.20472440944883,102.8241469816273,54.970253718285214,56.67366579177603,57.75153105861767,59.71041119860018,79.10936132983377,156.31933508311462,219.78652668416447,179.63779527559055,127.85826771653544,94.04811898512686,74.3429571303587,51.811023622047244,27.78040244969379,15.624671916010499,25499598.49,6674835.97,"Kulosaaren silta po. suljettu, tietyö",48
Helsinki,Kulosaari bridge south,0.7880910683012259,0.49081364829396323,0.4015748031496063,0.31758530183727035,0.621172353455818,2.1601049868766404,8.113735783027122,15.969378827646544,20.515310586176728,9.52580927384077,4.860892388451443,5.0979877515310585,5.167979002624672,5.3412073490813645,7.081364829396326,14.36395450568679,21.04636920384952,18.979877515310587,12.5748031496063,8.595800524934383,6.541557305336833,4.351706036745407,2.457567804024497,1.4260717410323709,25492931.19,6674956.03,Kuusisaarentie,49
Helsinki,Kuusisaarentie,2.4868651488616464,1.31583552055993,0.657917760279965,0.5625546806649169,1.3333333333333333,6.769903762029746,45.70778652668417,147.36832895888014,176.51093613298337,84.26509186351706,38.93525809273841,35.56430446194226,36.90113735783027,41.30621172353456,52.505686789151355,109.62817147856518,169.06999125109363,144.16272965879264,91.38670166229221,60.90813648293963,44.822397200349954,27.30533683289589,12.871391076115486,5.879265091863517,25496889.76,6678450.44,Käpylä,50
Helsinki,Lauttasaari bridge north side,3.7236051502145924,1.832618025751073,1.321030042918455,0.8042918454935623,1.3745704467353952,4.891845493562232,30.540772532188843,81.41716738197425,111.58591065292096,57.36512027491409,26.81786941580756,26.309278350515463,27.602233676975946,28.849656357388316,36.493986254295535,68.18384879725086,111.83591065292096,102.7491408934708,69.08934707903781,50.41494845360825,40.08161512027491,27.833333333333332,14.654639175257731,8.329896907216495,25494110.42,6672061.62,Lauttasaaren silta eteläpuoli,51
Helsinki,Lauttasaarin bridge south side,10.226989079563182,5.007020280811233,3.6801872074882995,2.049141965678627,3.111631537861046,15.509360374414976,70.2402496099844,201.21372854914196,310.50858034321374,172.89235569422777,90.28315132605304,88.42121684867395,91.09984399375975,92.12480499219969,109.92355694227768,175.24414976599064,278.5702028081123,263.2254290171607,195.80967238689547,146.2628705148206,114.40951638065522,78.41731669266771,41.009360374414975,22.57488299531981,25494453.04,6672209.73,Lauttasaaren silta pohjoispuoli,52
Helsinki,Merikannontie,3.861154446177847,1.9391575663026521,1.0109204368174727,0.8455538221528861,1.2974238875878221,8.783151326053042,61.1817472698908,183.44773790951638,206.56864274570984,110.53198127925117,59.485959438377535,61.234009360374415,67.58424336973479,71.31201248049922,88.57098283931357,168.72542901716068,229.05070202808113,197.98361934477379,148.31045241809673,118.30655226209048,94.8978159126365,61.22308892355694,27.861934477379094,11.397035881435258,25495211.14,6673759.38,Merikannontie,53
Helsinki,Munkkiniemi bridge north side,3.0438892640108035,1.6164753544902093,1.2424037812288995,0.6968264686022958,1.2991222147197838,5.1897366644159355,38.07157326130993,97.62120189061444,96.82106684672519,44.949358541525996,25.849426063470627,27.059419311276166,30.806212018906145,32.584064821066846,41.983119513842,82.37609723160027,109.64618501012829,87.60837272113437,60.44496961512492,46.811613774476704,38.20391627278865,27.049291019581364,13.48953409858204,6.727211343686698,25493760.23,6675847.29,Munkkiniemen silta eteläpuoli,54
Helsinki,Munkkiniemi bridge south side,3.355495251017639,1.5841248303934872,1.0312075983717774,0.6058344640434192,1.2421981004070557,6.181818181818182,48.244911804613295,142.38331071913163,155.24287652645862,72.61329715061058,34.88805970149254,32.10379918588874,35.14654002713704,36.39416553595658,47.258480325644506,103.01898305084745,151.7871186440678,129.7308474576271,87.96813559322034,63.244745762711865,50.788474576271184,35.513898305084744,17.23864406779661,8.027796610169492,25493792.78,6675914.28,Munkkiniemi silta pohjoispuoli,55
Helsinki,Pitkasilta itapuoli,11.620904836193448,6.271450858034322,3.8049921996879874,2.4570982839313573,3.2544886807181888,9.788611544461778,40.283151326053044,104.21606864274571,200.99609984399376,143.91497659906398,83.7176287051482,85.9789391575663,93.41575663026521,93.03276131045241,106.30577223088923,165.2191887675507,236.96021840873635,216.75117004680186,158.96489859594385,115.86505460218409,87.72542901716069,60.86349453978159,36.07098283931357,23.982839313572544,25497255.67,6673768.13,Pitkäsilta itäpuoli,56
Helsinki,Pitkasilta west side,12.556380823767725,7.564483457123565,5.336934503713707,3.4767049291019583,3.6185010128291695,6.480081026333559,14.538825118163404,29.731262660364617,60.96758946657664,57.951384199864954,47.3133018230925,51.32748143146522,57.05806887238352,59.57056043214045,65.14652261985145,77.73801485482782,99.57393652937205,96.7272113436867,82.85955435516543,67.56313301823093,56.09385550303849,42.07697501688049,28.721809588116137,22.054692775151924,25497188.98,6673692.0,Pitkäsilta länsipuoli,57
Helsinki,Ratapihantie,5.387915936952715,2.595800524934383,1.6614173228346456,1.2353455818022747,4.778652668416448,21.085739282589675,100.86701662292214,223.750656167979,248.98775153105862,99.98950131233596,45.4575678040245,43.979002624671914,46.21609798775153,49.70866141732284,70.832895888014,156.50043744531933,227.93263342082238,170.38757655293088,100.4400699912511,66.85389326334209,55.77165354330709,40.71041119860018,24.924759405074365,12.05511811023622,25496284.75,6676427.37,Ratapihantie,58
Helsinki,Viikintie,1.1423841059602649,0.6721311475409836,0.43934426229508194,1.3475409836065573,2.3046357615894038,8.630363036303631,38.03300330033003,63.244224422442244,61.14191419141914,32.2013201320132,18.415841584158414,19.917491749174918,20.458745874587457,20.752475247524753,26.21122112211221,43.537953795379536,57.24752475247525,46.811258278145694,32.586092715231786,25.303630363036305,21.151815181518153,13.71947194719472,6.749174917491749,3.0298013245033113,25499814.34,6679105.37,Viikintie,59
Vantaa,Asolanvayla E,0.8620689655172413,0.40229885057471265,0.2988505747126437,0.13793103448275862,0.5747126436781609,4.379310344827586,15.264367816091953,24.35632183908046,15.540229885057471,8.783132530120483,8.790123456790123,8.506172839506172,10.11111111111111,10.271604938271604,9.938271604938272,12.89655172413793,12.284090909090908,10.522727272727273,9.25,8.647727272727273,7.170454545454546,4.204545454545454,2.090909090909091,1.8409090909090908,25501707.6561,6685938.941,Kielotie itä,60
Vantaa,Asolanvayla P,2.323809523809524,1.9904761904761905,1.457142857142857,1.2666666666666666,1.3904761904761904,5.542857142857143,17.552380952380954,27.276190476190475,21.133333333333333,14.514851485148515,14.474747474747474,17.474747474747474,18.575757575757574,22.171717171717173,27.141414141414142,35.61904761904762,42.094339622641506,34.839622641509436,27.59433962264151,22.754716981132077,18.81132075471698,16.30188679245283,8.537735849056604,4.745283018867925,25501690.505,6685944.5039,Kielotie länsi,61
Vantaa,Hakunilantie E,2.282828282828283,0.8484848484848485,1.1919191919191918,0.6060606060606061,0.3434343434343434,2.0,2.585858585858586,4.757575757575758,4.2727272727272725,3.5157894736842104,4.202127659574468,4.595744680851064,5.3936170212765955,5.73404255319149,7.819148936170213,10.333333333333334,11.727272727272727,9.757575757575758,8.303030303030303,6.434343434343434,4.797979797979798,3.4343434343434343,2.9292929292929295,2.6161616161616164,25505953.0239,6688813.5131,Kuusijärvi,62
Vantaa,Hakunilantie P,1.2616822429906542,1.4766355140186915,0.6822429906542056,1.4766355140186915,1.691588785046729,4.308411214953271,10.383177570093459,11.439252336448599,6.4392523364485985,5.815533980582524,5.588235294117647,6.346534653465347,7.8316831683168315,8.752475247524753,9.514851485148515,11.532710280373832,10.261682242990654,9.682242990654206,7.747663551401869,6.579439252336448,6.140186915887851,3.8598130841121496,3.1401869158878504,1.7850467289719627,25503182.5859,6688923.6877,Kytöpuisto,63
Vantaa,Kaislaranta E,2.0504201680672267,1.5294117647058822,1.3126760563380282,1.0875706214689265,1.1836158192090396,1.8022598870056497,4.370056497175141,9.443502824858758,12.275568181818182,12.538904899135447,13.26764705882353,15.451327433628318,16.253687315634217,16.607669616519175,17.654867256637168,19.54189944134078,21.738161559888578,21.376044568245124,17.754874651810585,14.434540389972145,10.487465181058496,7.289693593314763,4.094707520891365,2.829608938547486,25505628.4759,6685286.6343,Kyytitie,64
Vantaa,Kaislaranta P,1.526027397260274,1.0027397260273974,1.1460055096418733,1.2651933701657458,0.9337016574585635,3.0994475138121547,7.110497237569061,10.69060773480663,11.597222222222221,11.208450704225353,13.26801152737752,16.471098265895954,17.84971098265896,18.040462427745666,19.42485549132948,21.42622950819672,23.280653950953678,21.354223433242506,17.228882833787466,14.991825613079019,11.670299727520437,7.2425068119891005,3.779291553133515,2.3360655737704916,25490860.3734,6683941.13,Pellas,65
Vantaa,Kuusijarvi E,1.2543859649122806,1.1228070175438596,0.7280701754385965,1.0789473684210527,1.6283185840707965,4.504424778761062,13.327433628318584,17.902654867256636,14.371681415929203,11.285714285714286,12.225225225225225,12.972727272727273,15.49090909090909,18.063636363636363,20.645454545454545,26.95689655172414,31.74137931034483,31.198275862068964,26.655172413793103,25.689655172413794,20.767241379310345,12.730434782608695,6.156521739130435,3.9217391304347826,25501914.9784,6687219.2282,Talvikkitie-Lummetie,66
Vantaa,Kuusijarvi P,0.32558139534883723,0.023255813953488372,0.09302325581395349,0.0,0.047619047619047616,0.11904761904761904,1.0238095238095237,1.0476190476190477,0.7142857142857143,0.40476190476190477,0.6666666666666666,0.7560975609756098,0.4878048780487805,0.4634146341463415,0.9024390243902439,1.6511627906976745,1.5813953488372092,1.302325581395349,0.813953488372093,0.5116279069767442,0.3953488372093023,0.5581395348837209,0.2558139534883721,0.16279069767441862,25504139.0724,6692573.5864,Urpiaisentie,67
Vantaa,Kytopuisto P,0.8932584269662921,0.4157303370786517,0.2696629213483146,0.6039325842696629,1.196629213483146,4.00561797752809,13.098314606741573,29.367977528089888,33.036827195467424,19.864942528735632,15.105571847507331,16.372434017595307,17.219941348973606,17.589442815249267,18.222873900293255,20.01662049861496,21.1900826446281,17.738292011019283,15.790055248618785,13.92817679558011,11.11878453038674,7.588397790055248,3.522099447513812,1.6077348066298343,25498682.737,6685524.3076,Ylästöntie itä,68
Vantaa,Kytöpuisto E,1.1853932584269662,0.6376404494382022,0.32303370786516855,0.3960674157303371,0.38202247191011235,0.7247191011235955,3.441011235955056,8.432584269662922,8.787535410764873,7.511494252873563,7.668621700879766,10.859237536656892,13.272727272727273,15.217008797653959,18.653958944281523,26.38781163434903,33.50413223140496,27.97245179063361,19.79281767955801,15.870165745856353,11.980662983425415,8.176795580110497,4.209944751381215,2.303867403314917,0.0,0.0,,69
Vantaa,Kyytitie I,1.0,0.776,0.384,0.672,3.136,6.2,13.928,15.408,12.928,12.688524590163935,14.361344537815127,16.100840336134453,17.554621848739497,18.77310924369748,19.084033613445378,20.563492063492063,19.0,16.706349206349206,14.817460317460318,11.087301587301587,10.19047619047619,5.420634920634921,2.5873015873015874,1.6825396825396826,0.0,0.0,,70
Vantaa,Kyytitie L,1.5317460317460319,1.688,1.064,1.016,0.496,1.264,3.992,7.136,6.952,6.672131147540983,8.495798319327731,10.453781512605042,12.142857142857142,13.378151260504202,16.369747899159663,20.349206349206348,20.92063492063492,19.142857142857142,15.61111111111111,12.547619047619047,10.412698412698413,7.309523809523809,3.7936507936507935,2.5,0.0,0.0,,71
Vantaa,Pellas I,1.6951219512195121,0.926829268292683,0.43902439024390244,0.5853658536585366,0.2804878048780488,1.0975609756097562,5.7073170731707314,15.926829268292684,26.88888888888889,24.432098765432098,20.103896103896105,19.68831168831169,23.025974025974026,23.246753246753247,26.571428571428573,31.19753086419753,34.13414634146341,34.890243902439025,30.536585365853657,27.329268292682926,24.20731707317073,18.085365853658537,9.231707317073171,4.121951219512195,0.0,0.0,,72
Vantaa,Pellas L,1.548780487804878,0.6707317073170732,0.5609756097560976,0.3902439024390244,0.1951219512195122,1.1829268292682926,5.573170731707317,16.865853658536587,27.209876543209877,27.25925925925926,19.324675324675326,17.16883116883117,19.103896103896105,23.285714285714285,27.16883116883117,31.395061728395063,33.951219512195124,33.84146341463415,28.28048780487805,24.304878048780488,15.902439024390244,9.804878048780488,5.073170731707317,2.2560975609756095,0.0,0.0,,73
Vantaa,Simonkylantie E,4.514563106796117,1.9514563106796117,3.029126213592233,1.0194174757281553,1.1844660194174756,0.7475728155339806,2.4271844660194173,4.834951456310679,6.330097087378641,6.061855670103093,6.742268041237113,9.515463917525773,13.051546391752577,17.536082474226806,21.8125,21.862745098039216,20.514563106796118,17.679611650485437,17.097087378640776,15.41747572815534,12.009708737864077,7.300970873786408,4.252427184466019,3.679611650485437,0.0,0.0,,74
Vantaa,Simonkylantie P,5.077669902912621,4.223300970873787,2.621359223300971,0.8640776699029126,1.8058252427184467,1.5339805825242718,6.203883495145631,16.0,29.24271844660194,21.412371134020617,12.381443298969073,10.309278350515465,12.185567010309278,14.783505154639176,16.8125,18.715686274509803,21.58252427184466,19.689320388349515,19.24271844660194,17.155339805825243,11.941747572815533,7.300970873786408,5.252427184466019,4.048543689320389,0.0,0.0,,75
Vantaa,Solkikuja I,0.6037735849056604,0.5047619047619047,0.42857142857142855,0.5523809523809524,0.49523809523809526,0.9333333333333333,4.257142857142857,9.257142857142858,9.836538461538462,9.663366336633663,8.900990099009901,10.653465346534654,12.821782178217822,13.267326732673267,14.217821782178218,17.08490566037736,18.0,15.546296296296296,14.86111111111111,12.444444444444445,9.787037037037036,5.87037037037037,2.97196261682243,1.4766355140186915,0.0,0.0,,76
Vantaa,Solkikuja L,0.8113207547169812,0.41904761904761906,0.7714285714285715,1.0,0.3142857142857143,0.7619047619047619,5.933333333333334,12.80952380952381,11.98076923076923,11.792079207920793,11.693069306930694,13.623762376237623,14.762376237623762,13.910891089108912,14.247524752475247,16.92452830188679,19.59259259259259,17.796296296296298,16.824074074074073,12.74074074074074,9.11111111111111,5.101851851851852,2.878504672897196,1.233644859813084,0.0,0.0,,77
Vantaa,Vanha Porvoontie E,0.7428571428571429,0.13333333333333333,0.0761904761904762,0.19047619047619047,0.7714285714285715,2.466666666666667,6.352380952380952,9.038095238095238,6.619047619047619,3.7281553398058254,3.29,4.59,5.55,6.47,11.39,13.009345794392523,16.598130841121495,13.373831775700934,9.495327102803738,7.252336448598131,6.233644859813084,4.5046728971962615,3.9065420560747666,2.6542056074766354,0.0,0.0,,78
Vantaa,Vanha Porvoontie P,0.4666666666666667,0.3047619047619048,0.10476190476190476,0.23809523809523808,0.34285714285714286,6.171428571428572,11.704761904761904,18.438095238095237,13.771428571428572,7.407766990291262,5.12,6.13,6.7,9.71,11.59,12.710280373831775,14.925233644859814,12.514018691588785,12.336448598130842,8.654205607476635,5.990654205607477,4.663551401869159,2.6542056074766354,0.9906542056074766,0.0,0.0,,79
Vantaa,Vantaanlaaksontie E,0.4883720930232558,0.22093023255813954,0.1744186046511628,0.13953488372093023,0.10465116279069768,2.223529411764706,4.847058823529411,8.294117647058824,6.976470588235294,5.963855421686747,5.365853658536586,6.097560975609756,6.682926829268292,7.146341463414634,7.646341463414634,10.885057471264368,15.07865168539326,13.112359550561798,11.52808988764045,8.662921348314606,6.966292134831461,4.224719101123595,1.9101123595505618,0.7303370786516854,0.0,0.0,,80
Vantaa,Vantaanlaaksontie P,0.4069767441860465,0.1744186046511628,0.13953488372093023,0.10465116279069768,0.20930232558139536,1.1294117647058823,4.8352941176470585,10.647058823529411,8.588235294117647,5.542168674698795,4.134146341463414,5.195121951219512,4.878048780487805,5.426829268292683,6.402439024390244,10.25287356321839,12.213483146067416,10.865168539325843,10.0,8.752808988764045,6.764044943820225,4.089887640449438,2.393258426966292,1.146067415730337,0.0,0.0,,81
Vantaa,Ylastontie I,1.84375,0.84375,0.5416666666666666,0.6421052631578947,1.231578947368421,4.747368421052632,12.526315789473685,23.57894736842105,26.095744680851062,19.451612903225808,15.955555555555556,19.711111111111112,23.155555555555555,25.266666666666666,26.27777777777778,28.221052631578946,32.729166666666664,31.802083333333332,26.770833333333332,23.572916666666668,18.46875,12.885416666666666,8.291666666666666,3.8229166666666665,0.0,0.0,,82
Vantaa,Ylastontie L,0.8125,0.5104166666666666,0.17708333333333334,0.16842105263157894,0.14736842105263157,0.9263157894736842,3.663157894736842,7.663157894736842,7.74468085106383,5.89247311827957,6.388888888888889,8.633333333333333,10.344444444444445,11.622222222222222,13.811111111111112,18.71578947368421,22.385416666666668,20.479166666666668,16.614583333333332,13.822916666666666,11.260416666666666,8.666666666666666,4.375,1.6354166666666667,0.0,0.0,,83
